aifi_cell_type,gene,fg,timepoint,treat_time,logFC,nomP,adjP,treat_order,cell_type_label,cell_type_color,cell_type_xpos,cell_type_ypos
t_cd4_cm,CD69,bortezomib,4,bortezomib_4,-0.0209907934321046,0.919898686032378,0.999236992731244,5,CD4 CM,#00AEEF,2,6
t_cd4_cm,CD74,bortezomib,4,bortezomib_4,-0.0587498243703526,0.20638059833475,0.999236992731244,5,CD4 CM,#00AEEF,2,6
t_cd4_cm,CXCR4,bortezomib,4,bortezomib_4,-0.0232751826984832,0.644995992927286,0.999236992731244,5,CD4 CM,#00AEEF,2,6
t_cd4_cm,IL2RA,bortezomib,4,bortezomib_4,0.024137651973883,0.0887226666698452,0.975806793470908,5,CD4 CM,#00AEEF,2,6
t_cd4_cm,IL6ST,bortezomib,4,bortezomib_4,-0.0588252241036051,0.379981494558252,0.999236992731244,5,CD4 CM,#00AEEF,2,6
t_cd4_cm,IL7R,bortezomib,4,bortezomib_4,-0.0221241827017364,0.735637291446322,0.999236992731244,5,CD4 CM,#00AEEF,2,6
t_cd4_cm,SLAMF1,bortezomib,4,bortezomib_4,-0.0440111992923553,0.510968462946468,0.999236992731244,5,CD4 CM,#00AEEF,2,6
t_cd4_cm,TNFRSF4,bortezomib,4,bortezomib_4,-0.0197041533519553,0.763627288655683,0.999236992731244,5,CD4 CM,#00AEEF,2,6
t_cd4_em,CD69,bortezomib,4,bortezomib_4,0.182890645714941,0.133805160531485,0.995791877883449,5,CD4 EM,#1C75BC,3,5
t_cd4_em,CD74,bortezomib,4,bortezomib_4,-0.0458502872497267,0.738013293700051,0.995791877883449,5,CD4 EM,#1C75BC,3,5
t_cd4_em,CXCR4,bortezomib,4,bortezomib_4,-0.0353516013691482,0.638000129057239,0.995791877883449,5,CD4 EM,#1C75BC,3,5
t_cd4_em,IL2RA,bortezomib,4,bortezomib_4,0.0337301471166336,0.933914464463196,0.995791877883449,5,CD4 EM,#1C75BC,3,5
t_cd4_em,IL6ST,bortezomib,4,bortezomib_4,-0.0568989592664281,0.753251346437504,0.995791877883449,5,CD4 EM,#1C75BC,3,5
t_cd4_em,IL7R,bortezomib,4,bortezomib_4,-0.185119385323715,0.149054848979625,0.995791877883449,5,CD4 EM,#1C75BC,3,5
t_cd4_em,SLAMF1,bortezomib,4,bortezomib_4,0.15605957901032,0.0073938427364427,0.995791877883449,5,CD4 EM,#1C75BC,3,5
t_cd4_em,TNFRSF4,bortezomib,4,bortezomib_4,-0.0674442644241863,0.783604717121188,0.995791877883449,5,CD4 EM,#1C75BC,3,5
t_cd4_naive,CD69,bortezomib,4,bortezomib_4,0.043891679557025,0.309729212072658,0.998282025136458,5,CD4 Naive,#93A7D1,1,7
t_cd4_naive,CD74,bortezomib,4,bortezomib_4,0.000584710670812449,0.352818754801955,0.998282025136458,5,CD4 Naive,#93A7D1,1,7
t_cd4_naive,CXCR4,bortezomib,4,bortezomib_4,0.0883015227223043,0.0656911973636155,0.998282025136458,5,CD4 Naive,#93A7D1,1,7
t_cd4_naive,IL2RA,bortezomib,4,bortezomib_4,-0.0342197304474174,0.210092496572139,0.998282025136458,5,CD4 Naive,#93A7D1,1,7
t_cd4_naive,IL6ST,bortezomib,4,bortezomib_4,0.0424816396528226,0.524457617647016,0.998282025136458,5,CD4 Naive,#93A7D1,1,7
t_cd4_naive,IL7R,bortezomib,4,bortezomib_4,-0.0415954680311334,0.397516575803075,0.998282025136458,5,CD4 Naive,#93A7D1,1,7
t_cd4_treg,CD69,bortezomib,4,bortezomib_4,0.066211247373978,0.597905132082332,0.999922237788357,5,CD4 Treg,#E57A93,4,4
t_cd4_treg,CD74,bortezomib,4,bortezomib_4,0.0548424165132297,0.323259123956743,0.999922237788357,5,CD4 Treg,#E57A93,4,4
t_cd4_treg,CXCR4,bortezomib,4,bortezomib_4,-0.238124925869059,0.260832397624319,0.999922237788357,5,CD4 Treg,#E57A93,4,4
t_cd4_treg,IL2RA,bortezomib,4,bortezomib_4,-0.0119919758615312,0.558409893038663,0.999922237788357,5,CD4 Treg,#E57A93,4,4
t_cd4_treg,IL6ST,bortezomib,4,bortezomib_4,-0.264613685937695,0.0495060095815323,0.999922237788357,5,CD4 Treg,#E57A93,4,4
t_cd4_treg,IL7R,bortezomib,4,bortezomib_4,-0.030205499607988,0.831738220946996,0.999922237788357,5,CD4 Treg,#E57A93,4,4
t_cd4_treg,SLAMF1,bortezomib,4,bortezomib_4,0.225413368162095,0.0970552772742456,0.999922237788357,5,CD4 Treg,#E57A93,4,4
t_cd4_treg,TNFRSF4,bortezomib,4,bortezomib_4,0.000738704767692139,0.772699662205035,0.999922237788357,5,CD4 Treg,#E57A93,4,4
t_cd8_memory,CD69,bortezomib,4,bortezomib_4,-0.122778410210305,0.0221810631550355,0.997306958035306,5,CD8 Memory,#009444,6,2
t_cd8_memory,CD74,bortezomib,4,bortezomib_4,0.0867987155872428,0.315820738797677,0.997306958035306,5,CD8 Memory,#009444,6,2
t_cd8_memory,CXCR4,bortezomib,4,bortezomib_4,0.249812307984053,0.0846046184680369,0.997306958035306,5,CD8 Memory,#009444,6,2
t_cd8_memory,IL2RA,bortezomib,4,bortezomib_4,-0.017400142269544,0.924487024485656,0.997306958035306,5,CD8 Memory,#009444,6,2
t_cd8_memory,IL6ST,bortezomib,4,bortezomib_4,0.0151228260957041,0.453869224417703,0.997306958035306,5,CD8 Memory,#009444,6,2
t_cd8_memory,IL7R,bortezomib,4,bortezomib_4,0.0204660349911773,0.739272101352607,0.997306958035306,5,CD8 Memory,#009444,6,2
t_cd8_memory,SLAMF1,bortezomib,4,bortezomib_4,-0.284329535354048,0.00378536255045639,0.997306958035306,5,CD8 Memory,#009444,6,2
t_cd8_naive,CD69,bortezomib,4,bortezomib_4,0.0880371229033147,0.242776988443064,0.995116396338905,5,CD8 Naive,#8DC63F,5,3
t_cd8_naive,CD74,bortezomib,4,bortezomib_4,-0.0184718219868479,0.197864640463863,0.995116396338905,5,CD8 Naive,#8DC63F,5,3
t_cd8_naive,CXCR4,bortezomib,4,bortezomib_4,-0.0918504204765456,0.0829083991490341,0.995116396338905,5,CD8 Naive,#8DC63F,5,3
t_cd8_naive,IL2RA,bortezomib,4,bortezomib_4,0.00358741683405404,0.992262748827402,0.999353326978024,5,CD8 Naive,#8DC63F,5,3
t_cd8_naive,IL6ST,bortezomib,4,bortezomib_4,0.0727384235095452,0.03347298062994,0.995116396338905,5,CD8 Naive,#8DC63F,5,3
t_cd8_naive,IL7R,bortezomib,4,bortezomib_4,0.0722451671910878,0.203187432900159,0.995116396338905,5,CD8 Naive,#8DC63F,5,3
t_cd4_cm,CD69,bortezomib,24,bortezomib_24,-0.250682560520276,1.04482159306792e-07,4.79714303325348e-06,6,CD4 CM,#00AEEF,2,6
t_cd4_cm,CD74,bortezomib,24,bortezomib_24,-0.0669833163354827,0.0499973785454241,0.232116307583037,6,CD4 CM,#00AEEF,2,6
t_cd4_cm,CXCR4,bortezomib,24,bortezomib_24,-0.307844825848335,6.31580346734467e-10,4.03356651515982e-08,6,CD4 CM,#00AEEF,2,6
t_cd4_cm,IL2RA,bortezomib,24,bortezomib_24,-0.199797080533431,2.20305505153222e-05,0.000596065902608607,6,CD4 CM,#00AEEF,2,6
t_cd4_cm,IL6ST,bortezomib,24,bortezomib_24,-0.0796669026427954,0.148235077541712,0.423087617150302,6,CD4 CM,#00AEEF,2,6
t_cd4_cm,IL7R,bortezomib,24,bortezomib_24,-0.107885419674484,0.030075783852239,0.171798055172104,6,CD4 CM,#00AEEF,2,6
t_cd4_cm,SLAMF1,bortezomib,24,bortezomib_24,-0.115816393278399,0.00190878135108455,0.0249818009185087,6,CD4 CM,#00AEEF,2,6
t_cd4_cm,TNFRSF4,bortezomib,24,bortezomib_24,-0.106232259871228,0.00428845694037002,0.0463437064268486,6,CD4 CM,#00AEEF,2,6
t_cd4_em,CD69,bortezomib,24,bortezomib_24,-0.298681768842079,0.00318726701005765,0.094687993851454,6,CD4 EM,#1C75BC,3,5
t_cd4_em,CD74,bortezomib,24,bortezomib_24,0.00848994919797336,0.474508169793035,0.886932733417366,6,CD4 EM,#1C75BC,3,5
t_cd4_em,CXCR4,bortezomib,24,bortezomib_24,-0.322243441430757,0.00142271441316054,0.0541088311904314,6,CD4 EM,#1C75BC,3,5
t_cd4_em,IL2RA,bortezomib,24,bortezomib_24,0.0126483426370392,0.96587287431188,0.996261499018812,6,CD4 EM,#1C75BC,3,5
t_cd4_em,IL6ST,bortezomib,24,bortezomib_24,0.108820186453442,0.160148722465948,0.659896289772544,6,CD4 EM,#1C75BC,3,5
t_cd4_em,IL7R,bortezomib,24,bortezomib_24,-0.267504481901354,0.0467754583324682,0.401881165838854,6,CD4 EM,#1C75BC,3,5
t_cd4_em,SLAMF1,bortezomib,24,bortezomib_24,-0.148341969906401,0.0837886710137229,0.515439571499727,6,CD4 EM,#1C75BC,3,5
t_cd4_em,TNFRSF4,bortezomib,24,bortezomib_24,-0.154286530374314,0.017153627426199,0.250388600335592,6,CD4 EM,#1C75BC,3,5
t_cd4_naive,CD69,bortezomib,24,bortezomib_24,-0.0958910123192016,0.00943007582208553,0.117434353761766,6,CD4 Naive,#93A7D1,1,7
t_cd4_naive,CD74,bortezomib,24,bortezomib_24,-0.0255111560366871,0.4102711587479,0.738160869715316,6,CD4 Naive,#93A7D1,1,7
t_cd4_naive,CXCR4,bortezomib,24,bortezomib_24,-0.163773440480037,1.44868435772877e-05,0.00073101375156445,6,CD4 Naive,#93A7D1,1,7
t_cd4_naive,IL2RA,bortezomib,24,bortezomib_24,-0.0784918783208394,0.00170726599476634,0.0345436470818292,6,CD4 Naive,#93A7D1,1,7
t_cd4_naive,IL6ST,bortezomib,24,bortezomib_24,-0.0509882447164318,0.380427758636713,0.719359284879897,6,CD4 Naive,#93A7D1,1,7
t_cd4_naive,IL7R,bortezomib,24,bortezomib_24,0.0755431410582591,0.0370074508680573,0.25796461600031,6,CD4 Naive,#93A7D1,1,7
t_cd4_naive,SLAMF1,bortezomib,24,bortezomib_24,0.00132278152279858,0.908169209908183,0.964772554016034,6,CD4 Naive,#93A7D1,1,7
t_cd4_treg,CD69,bortezomib,24,bortezomib_24,0.0280096294330593,0.906542950025667,0.999998222324989,6,CD4 Treg,#E57A93,4,4
t_cd4_treg,CD74,bortezomib,24,bortezomib_24,-0.342424910253575,0.0251775340691083,0.532047807241223,6,CD4 Treg,#E57A93,4,4
t_cd4_treg,CXCR4,bortezomib,24,bortezomib_24,-0.25480327627494,0.19979376734063,0.999998222324989,6,CD4 Treg,#E57A93,4,4
t_cd4_treg,IL2RA,bortezomib,24,bortezomib_24,-0.503773994506429,0.00808750061846069,0.370881769199462,6,CD4 Treg,#E57A93,4,4
t_cd4_treg,IL6ST,bortezomib,24,bortezomib_24,-0.0921744196084664,0.661957750829879,0.999998222324989,6,CD4 Treg,#E57A93,4,4
t_cd4_treg,IL7R,bortezomib,24,bortezomib_24,0.108238855968434,0.364583390534501,0.999998222324989,6,CD4 Treg,#E57A93,4,4
t_cd4_treg,SLAMF1,bortezomib,24,bortezomib_24,-0.152906108515477,0.192593265776624,0.999998222324989,6,CD4 Treg,#E57A93,4,4
t_cd4_treg,TNFRSF4,bortezomib,24,bortezomib_24,-0.167419329452152,0.0341780635522049,0.570547405486839,6,CD4 Treg,#E57A93,4,4
t_cd8_memory,CD69,bortezomib,24,bortezomib_24,-0.357647794292508,0.00013706137656388,0.00505364988128103,6,CD8 Memory,#009444,6,2
t_cd8_memory,CD74,bortezomib,24,bortezomib_24,-0.0886762093079725,0.312546127908687,0.755400196542637,6,CD8 Memory,#009444,6,2
t_cd8_memory,CXCR4,bortezomib,24,bortezomib_24,-0.31159263837337,0.0063790279129293,0.0942961356265126,6,CD8 Memory,#009444,6,2
t_cd8_memory,IL2RA,bortezomib,24,bortezomib_24,0.0463356582599266,0.630233409551731,0.920159678487859,6,CD8 Memory,#009444,6,2
t_cd8_memory,IL6ST,bortezomib,24,bortezomib_24,-0.0429169105186315,0.596563350651847,0.907674962074918,6,CD8 Memory,#009444,6,2
t_cd8_memory,IL7R,bortezomib,24,bortezomib_24,0.0379777553714808,0.167195834788782,0.600986960300327,6,CD8 Memory,#009444,6,2
t_cd8_memory,SLAMF1,bortezomib,24,bortezomib_24,-0.198667182821055,0.00684902464588634,0.0990299636844124,6,CD8 Memory,#009444,6,2
t_cd8_naive,CD69,bortezomib,24,bortezomib_24,-0.0504325363766586,0.38670302231163,0.682768685804929,6,CD8 Naive,#8DC63F,5,3
t_cd8_naive,CD74,bortezomib,24,bortezomib_24,-0.0532878375757655,0.0925064127642421,0.349212755111369,6,CD8 Naive,#8DC63F,5,3
t_cd8_naive,CXCR4,bortezomib,24,bortezomib_24,-0.275363202124452,8.60699361864759e-06,0.000275649331280461,6,CD8 Naive,#8DC63F,5,3
t_cd8_naive,IL6ST,bortezomib,24,bortezomib_24,-0.104259188232979,0.139941990841323,0.428308305633797,6,CD8 Naive,#8DC63F,5,3
t_cd8_naive,IL7R,bortezomib,24,bortezomib_24,0.118045006519376,0.0733134952106838,0.308924323679582,6,CD8 Naive,#8DC63F,5,3
t_cd4_cm,CD69,bortezomib,72,bortezomib_72,-0.490178736757027,1.1454243580838e-20,2.30220204130279e-19,7,CD4 CM,#00AEEF,2,6
t_cd4_cm,CD74,bortezomib,72,bortezomib_72,-0.623570773555821,3.29654315154851e-58,3.06948533243675e-56,7,CD4 CM,#00AEEF,2,6
t_cd4_cm,CXCR4,bortezomib,72,bortezomib_72,-0.45856916960542,1.74691711489071e-20,3.48048442650169e-19,7,CD4 CM,#00AEEF,2,6
t_cd4_cm,IL2RA,bortezomib,72,bortezomib_72,-0.11437068725788,0.00044522962960156,0.00155065662981459,7,CD4 CM,#00AEEF,2,6
t_cd4_cm,IL6ST,bortezomib,72,bortezomib_72,-0.212734759303717,3.88509010154821e-05,0.000172933888666475,7,CD4 CM,#00AEEF,2,6
t_cd4_cm,IL7R,bortezomib,72,bortezomib_72,0.16937640297361,0.00347243776861977,0.00909994102201476,7,CD4 CM,#00AEEF,2,6
t_cd4_cm,SLAMF1,bortezomib,72,bortezomib_72,-0.361240511855642,4.19636816541483e-23,9.66966149227533e-22,7,CD4 CM,#00AEEF,2,6
t_cd4_cm,TNFRSF4,bortezomib,72,bortezomib_72,-0.19784161907076,9.0648074039229e-17,1.43355922982316e-15,7,CD4 CM,#00AEEF,2,6
t_cd4_em,CD69,bortezomib,72,bortezomib_72,-0.708938370044055,3.65503999645595e-13,1.24438129765272e-11,7,CD4 EM,#1C75BC,3,5
t_cd4_em,CD74,bortezomib,72,bortezomib_72,-0.535902075491644,9.46559542138879e-15,3.94209029781931e-13,7,CD4 EM,#1C75BC,3,5
t_cd4_em,CXCR4,bortezomib,72,bortezomib_72,-0.560527817580205,1.54146580398927e-10,3.9776036913314e-09,7,CD4 EM,#1C75BC,3,5
t_cd4_em,IL2RA,bortezomib,72,bortezomib_72,-0.161174178380517,0.0376445015966198,0.103617850383072,7,CD4 EM,#1C75BC,3,5
t_cd4_em,IL6ST,bortezomib,72,bortezomib_72,-0.00711135562936371,0.755853683816702,0.81492123192252,7,CD4 EM,#1C75BC,3,5
t_cd4_em,IL7R,bortezomib,72,bortezomib_72,0.317435909989423,7.76345205617727e-05,0.000659023446415949,7,CD4 EM,#1C75BC,3,5
t_cd4_em,SLAMF1,bortezomib,72,bortezomib_72,-0.64150373778673,6.67816649288841e-20,4.4959626148363e-18,7,CD4 EM,#1C75BC,3,5
t_cd4_em,TNFRSF4,bortezomib,72,bortezomib_72,-0.29194901257551,9.77372861974131e-10,2.29094151992575e-08,7,CD4 EM,#1C75BC,3,5
t_cd4_naive,CD69,bortezomib,72,bortezomib_72,-0.319021154695238,2.46006377820555e-20,1.92554000543398e-19,7,CD4 Naive,#93A7D1,1,7
t_cd4_naive,CD74,bortezomib,72,bortezomib_72,-0.685370072935088,1.08709879041104e-124,1.0988977894777e-122,7,CD4 Naive,#93A7D1,1,7
t_cd4_naive,CXCR4,bortezomib,72,bortezomib_72,-0.549627369685016,4.28609925488753e-58,1.22508540426768e-56,7,CD4 Naive,#93A7D1,1,7
t_cd4_naive,IL2RA,bortezomib,72,bortezomib_72,-0.0777081628024535,0.000163057813809323,0.000321500052013673,7,CD4 Naive,#93A7D1,1,7
t_cd4_naive,IL6ST,bortezomib,72,bortezomib_72,-0.352550658471181,1.33170273979153e-20,1.05128419144114e-19,7,CD4 Naive,#93A7D1,1,7
t_cd4_naive,IL7R,bortezomib,72,bortezomib_72,0.585421075551459,4.27409547884585e-61,1.29299187679392e-59,7,CD4 Naive,#93A7D1,1,7
t_cd4_naive,SLAMF1,bortezomib,72,bortezomib_72,-0.0915065804824015,2.49130928811463e-06,6.57867559387773e-06,7,CD4 Naive,#93A7D1,1,7
t_cd4_treg,CD69,bortezomib,72,bortezomib_72,-0.274432306355147,0.0515143427091074,0.252616814381147,7,CD4 Treg,#E57A93,4,4
t_cd4_treg,CD74,bortezomib,72,bortezomib_72,-0.896124022677144,1.03096208423133e-09,1.74232592235096e-07,7,CD4 Treg,#E57A93,4,4
t_cd4_treg,CXCR4,bortezomib,72,bortezomib_72,-0.572129438150463,7.22597607832291e-05,0.00249788854889299,7,CD4 Treg,#E57A93,4,4
t_cd4_treg,IL2RA,bortezomib,72,bortezomib_72,-1.39319536143858,1.53680378759858e-15,1.08952409447964e-12,7,CD4 Treg,#E57A93,4,4
t_cd4_treg,IL6ST,bortezomib,72,bortezomib_72,-0.183052443681505,0.359233533068026,0.70623981533365,7,CD4 Treg,#E57A93,4,4
t_cd4_treg,IL7R,bortezomib,72,bortezomib_72,0.430572017363138,0.00439190536570997,0.0574219604118469,7,CD4 Treg,#E57A93,4,4
t_cd4_treg,SLAMF1,bortezomib,72,bortezomib_72,-0.162898563369819,0.231572510202443,0.580871758483126,7,CD4 Treg,#E57A93,4,4
t_cd4_treg,TNFRSF4,bortezomib,72,bortezomib_72,-0.329686966887729,7.98557243971863e-05,0.00269416260753089,7,CD4 Treg,#E57A93,4,4
t_cd8_memory,CD69,bortezomib,72,bortezomib_72,-0.694530658267348,6.61406982631333e-11,3.04143867169377e-09,7,CD8 Memory,#009444,6,2
t_cd8_memory,CD74,bortezomib,72,bortezomib_72,-0.824193694282993,1.58711240277269e-19,2.37501956001357e-17,7,CD8 Memory,#009444,6,2
t_cd8_memory,CXCR4,bortezomib,72,bortezomib_72,-0.251527631610508,0.00464069656198941,0.0286322221843498,7,CD8 Memory,#009444,6,2
t_cd8_memory,IL2RA,bortezomib,72,bortezomib_72,-0.126900227863574,0.00581967497794413,0.0342624046354668,7,CD8 Memory,#009444,6,2
t_cd8_memory,IL6ST,bortezomib,72,bortezomib_72,-0.0104547392740511,0.432460877666081,0.636777000354824,7,CD8 Memory,#009444,6,2
t_cd8_memory,IL7R,bortezomib,72,bortezomib_72,0.245286528331662,0.0749641136794781,0.217556765515054,7,CD8 Memory,#009444,6,2
t_cd8_memory,SLAMF1,bortezomib,72,bortezomib_72,-0.469708135061996,4.49674563250986e-09,1.5388281856368e-07,7,CD8 Memory,#009444,6,2
t_cd8_naive,CD69,bortezomib,72,bortezomib_72,-0.208460990635185,0.000682605320558376,0.00226683103148718,7,CD8 Naive,#8DC63F,5,3
t_cd8_naive,CD74,bortezomib,72,bortezomib_72,-0.808468573350247,1.81175907711847e-60,2.04864657645171e-58,7,CD8 Naive,#8DC63F,5,3
t_cd8_naive,CXCR4,bortezomib,72,bortezomib_72,-0.358160049522783,9.61792898196894e-09,7.58533440025205e-08,7,CD8 Naive,#8DC63F,5,3
t_cd8_naive,IL6ST,bortezomib,72,bortezomib_72,-0.214772705290898,0.000117557019625095,0.000470332065249276,7,CD8 Naive,#8DC63F,5,3
t_cd8_naive,IL7R,bortezomib,72,bortezomib_72,0.756895345751682,3.90000885018459e-34,1.73790542161427e-32,7,CD8 Naive,#8DC63F,5,3
t_cd8_naive,SLAMF1,bortezomib,72,bortezomib_72,-0.0829447360785193,0.0020922028742558,0.00611702236603682,7,CD8 Naive,#8DC63F,5,3
t_cd4_cm,CD69,dexamethasone,4,dexamethasone_4,0.0507889256525768,0.428667192508607,0.74771955402089,12,CD4 CM,#00AEEF,2,6
t_cd4_cm,CD74,dexamethasone,4,dexamethasone_4,-0.0600453334306775,0.0671235783787967,0.329906288973641,12,CD4 CM,#00AEEF,2,6
t_cd4_cm,CXCR4,dexamethasone,4,dexamethasone_4,0.425356558049363,4.65850508916153e-26,9.64187961217248e-24,12,CD4 CM,#00AEEF,2,6
t_cd4_cm,IL2RA,dexamethasone,4,dexamethasone_4,0.220463618418549,3.08866910416734e-10,1.73517017887687e-08,12,CD4 CM,#00AEEF,2,6
t_cd4_cm,IL6ST,dexamethasone,4,dexamethasone_4,0.230915064568311,1.59413196992197e-08,7.12377724058881e-07,12,CD4 CM,#00AEEF,2,6
t_cd4_cm,IL7R,dexamethasone,4,dexamethasone_4,-0.00322703197209506,0.892078274326077,0.962187435977584,12,CD4 CM,#00AEEF,2,6
t_cd4_cm,SLAMF1,dexamethasone,4,dexamethasone_4,0.202334246906065,4.14584394776899e-08,1.74369318979696e-06,12,CD4 CM,#00AEEF,2,6
t_cd4_cm,TNFRSF4,dexamethasone,4,dexamethasone_4,-0.323236303263094,3.61775791124108e-19,4.51645491617636e-17,12,CD4 CM,#00AEEF,2,6
t_cd4_em,CD69,dexamethasone,4,dexamethasone_4,0.12456067663404,0.17701631269621,0.722241100925422,12,CD4 EM,#1C75BC,3,5
t_cd4_em,CD74,dexamethasone,4,dexamethasone_4,-0.13583784974022,0.00205937132498666,0.0603158178452824,12,CD4 EM,#1C75BC,3,5
t_cd4_em,CXCR4,dexamethasone,4,dexamethasone_4,0.422698261682496,1.8564264911245e-10,3.44797261705197e-08,12,CD4 EM,#1C75BC,3,5
t_cd4_em,IL2RA,dexamethasone,4,dexamethasone_4,0.352658397695167,7.72399714260592e-08,8.64974091778589e-06,12,CD4 EM,#1C75BC,3,5
t_cd4_em,IL6ST,dexamethasone,4,dexamethasone_4,-0.0912951691262827,0.182661322887784,0.729017805969849,12,CD4 EM,#1C75BC,3,5
t_cd4_em,IL7R,dexamethasone,4,dexamethasone_4,0.154177309787235,0.0570904333690078,0.499658577807819,12,CD4 EM,#1C75BC,3,5
t_cd4_em,SLAMF1,dexamethasone,4,dexamethasone_4,0.177032233932632,0.00664754881227186,0.152933789140333,12,CD4 EM,#1C75BC,3,5
t_cd4_em,TNFRSF4,dexamethasone,4,dexamethasone_4,-0.335948300204212,7.37772087639963e-08,8.38527529459451e-06,12,CD4 EM,#1C75BC,3,5
t_cd4_naive,CD69,dexamethasone,4,dexamethasone_4,0.351803535921388,4.40026742354544e-22,3.57971755513203e-20,12,CD4 Naive,#93A7D1,1,7
t_cd4_naive,CD74,dexamethasone,4,dexamethasone_4,-0.0533175046769198,0.00427437685007308,0.0397922807147896,12,CD4 Naive,#93A7D1,1,7
t_cd4_naive,CXCR4,dexamethasone,4,dexamethasone_4,0.599768010889838,1.60488947326568e-79,9.57450311592419e-77,12,CD4 Naive,#93A7D1,1,7
t_cd4_naive,IL2RA,dexamethasone,4,dexamethasone_4,0.0956095303616379,0.000774550098615479,0.00961005919582012,12,CD4 Naive,#93A7D1,1,7
t_cd4_naive,IL6ST,dexamethasone,4,dexamethasone_4,0.615799724122907,6.77024888340097e-69,2.55095851348777e-66,12,CD4 Naive,#93A7D1,1,7
t_cd4_naive,IL7R,dexamethasone,4,dexamethasone_4,0.147899389489385,1.77675341492398e-06,3.81975306229453e-05,12,CD4 Naive,#93A7D1,1,7
t_cd4_naive,SLAMF1,dexamethasone,4,dexamethasone_4,0.256492414088671,6.57070042748901e-48,1.30665678778872e-45,12,CD4 Naive,#93A7D1,1,7
t_cd4_treg,CD69,dexamethasone,4,dexamethasone_4,0.127193350286551,0.0996005451001868,0.838692210482866,12,CD4 Treg,#E57A93,4,4
t_cd4_treg,CD74,dexamethasone,4,dexamethasone_4,-0.220959766499907,0.0151405089285002,0.471589622363119,12,CD4 Treg,#E57A93,4,4
t_cd4_treg,CXCR4,dexamethasone,4,dexamethasone_4,0.59103410302109,3.07974676779169e-09,3.90101257253615e-06,12,CD4 Treg,#E57A93,4,4
t_cd4_treg,IL2RA,dexamethasone,4,dexamethasone_4,0.143869393279898,0.0322682944904729,0.609047273857273,12,CD4 Treg,#E57A93,4,4
t_cd4_treg,IL6ST,dexamethasone,4,dexamethasone_4,0.308071211896338,0.00757032793130346,0.321421744569309,12,CD4 Treg,#E57A93,4,4
t_cd4_treg,IL7R,dexamethasone,4,dexamethasone_4,0.304479995699715,4.24561842585947e-06,0.00111264482884593,12,CD4 Treg,#E57A93,4,4
t_cd4_treg,SLAMF1,dexamethasone,4,dexamethasone_4,0.316683913089486,8.04747200164167e-06,0.00203869290708256,12,CD4 Treg,#E57A93,4,4
t_cd4_treg,TNFRSF4,dexamethasone,4,dexamethasone_4,-0.111182018950484,0.122070400640402,0.855055340891297,12,CD4 Treg,#E57A93,4,4
t_cd8_memory,CD69,dexamethasone,4,dexamethasone_4,0.0250765557876707,0.949759073252155,0.992222648460822,12,CD8 Memory,#009444,6,2
t_cd8_memory,CD74,dexamethasone,4,dexamethasone_4,-0.0370251492406903,0.51632574528668,0.925703526799998,12,CD8 Memory,#009444,6,2
t_cd8_memory,CXCR4,dexamethasone,4,dexamethasone_4,0.858532487244036,3.93812464217042e-22,9.96476805290522e-19,12,CD8 Memory,#009444,6,2
t_cd8_memory,IL2RA,dexamethasone,4,dexamethasone_4,0.0927861948768009,0.0639361500810824,0.611667850431627,12,CD8 Memory,#009444,6,2
t_cd8_memory,IL6ST,dexamethasone,4,dexamethasone_4,0.0598706213077865,0.36379534721,0.87669668745001,12,CD8 Memory,#009444,6,2
t_cd8_memory,IL7R,dexamethasone,4,dexamethasone_4,0.49277764831407,5.27686223158135e-08,1.14447603428383e-05,12,CD8 Memory,#009444,6,2
t_cd8_memory,SLAMF1,dexamethasone,4,dexamethasone_4,-0.100420115701029,0.296186102417888,0.861396174438337,12,CD8 Memory,#009444,6,2
t_cd8_naive,CD69,dexamethasone,4,dexamethasone_4,0.26237815774713,1.81174822034335e-05,0.000922071859161497,12,CD8 Naive,#8DC63F,5,3
t_cd8_naive,CD74,dexamethasone,4,dexamethasone_4,-0.060858725764198,0.32883685705042,0.78950785849425,12,CD8 Naive,#8DC63F,5,3
t_cd8_naive,CXCR4,dexamethasone,4,dexamethasone_4,0.509630296534363,9.16821865807582e-31,5.41982772210098e-28,12,CD8 Naive,#8DC63F,5,3
t_cd8_naive,IL2RA,dexamethasone,4,dexamethasone_4,0.0454802503212809,0.0580364296428218,0.463627818924205,12,CD8 Naive,#8DC63F,5,3
t_cd8_naive,IL6ST,dexamethasone,4,dexamethasone_4,0.346412491479881,1.64602980486377e-12,3.01184263104239e-10,12,CD8 Naive,#8DC63F,5,3
t_cd8_naive,IL7R,dexamethasone,4,dexamethasone_4,0.092523869628909,0.140715627464429,0.634845457495011,12,CD8 Naive,#8DC63F,5,3
t_cd8_naive,SLAMF1,dexamethasone,4,dexamethasone_4,0.108542551532574,3.04320349445438e-09,3.25790681988248e-07,12,CD8 Naive,#8DC63F,5,3
t_cd4_cm,CD69,dexamethasone,24,dexamethasone_24,0.182208473415869,1.27232465576643e-05,0.000288600470698239,13,CD4 CM,#00AEEF,2,6
t_cd4_cm,CD74,dexamethasone,24,dexamethasone_24,-0.0659969534266043,0.00525887836606412,0.0530323035228394,13,CD4 CM,#00AEEF,2,6
t_cd4_cm,CXCR4,dexamethasone,24,dexamethasone_24,0.898092246512361,1.88964908198131e-115,3.95409070404589e-112,13,CD4 CM,#00AEEF,2,6
t_cd4_cm,IL2RA,dexamethasone,24,dexamethasone_24,0.365248697848741,3.33615902348881e-16,2.49318312737512e-14,13,CD4 CM,#00AEEF,2,6
t_cd4_cm,IL6ST,dexamethasone,24,dexamethasone_24,0.517865064059089,1.84643890057643e-38,5.51953342779454e-36,13,CD4 CM,#00AEEF,2,6
t_cd4_cm,IL7R,dexamethasone,24,dexamethasone_24,0.695857711192635,1.78774465053906e-52,8.80201336765408e-50,13,CD4 CM,#00AEEF,2,6
t_cd4_cm,SLAMF1,dexamethasone,24,dexamethasone_24,-0.0286594014117084,0.4405923445629,0.762395762067239,13,CD4 CM,#00AEEF,2,6
t_cd4_cm,TNFRSF4,dexamethasone,24,dexamethasone_24,-0.235021275253026,2.39512874994234e-22,2.70908481581316e-20,13,CD4 CM,#00AEEF,2,6
t_cd4_em,CD69,dexamethasone,24,dexamethasone_24,0.316866687582551,1.97467244233865e-05,0.00127883548646694,13,CD4 EM,#1C75BC,3,5
t_cd4_em,CD74,dexamethasone,24,dexamethasone_24,-0.0818704589417022,0.009810389278674,0.165398298582603,13,CD4 EM,#1C75BC,3,5
t_cd4_em,CXCR4,dexamethasone,24,dexamethasone_24,0.904911467602525,5.81296850062966e-46,1.18584557412845e-42,13,CD4 EM,#1C75BC,3,5
t_cd4_em,IL2RA,dexamethasone,24,dexamethasone_24,0.397402299534646,5.16519615288275e-11,8.78083345990067e-09,13,CD4 EM,#1C75BC,3,5
t_cd4_em,IL6ST,dexamethasone,24,dexamethasone_24,0.0956530126365283,0.07829479764285,0.49182875193661,13,CD4 EM,#1C75BC,3,5
t_cd4_em,IL7R,dexamethasone,24,dexamethasone_24,0.947767263214252,4.00614017738314e-43,6.53802076948929e-40,13,CD4 EM,#1C75BC,3,5
t_cd4_em,SLAMF1,dexamethasone,24,dexamethasone_24,-0.100168210513466,0.0942116951991182,0.52981904398677,13,CD4 EM,#1C75BC,3,5
t_cd4_em,TNFRSF4,dexamethasone,24,dexamethasone_24,-0.276747660328041,4.02196253440444e-11,7.13461180016092e-09,13,CD4 EM,#1C75BC,3,5
t_cd4_naive,CD69,dexamethasone,24,dexamethasone_24,0.41556958308819,4.6736161237992e-39,5.17687652669526e-37,13,CD4 Naive,#93A7D1,1,7
t_cd4_naive,CD74,dexamethasone,24,dexamethasone_24,-0.113926456328213,5.22512972387804e-12,1.61030913224193e-10,13,CD4 Naive,#93A7D1,1,7
t_cd4_naive,CXCR4,dexamethasone,24,dexamethasone_24,1.20839003612638,5.33799725421533e-310,4.07983130139678e-306,13,CD4 Naive,#93A7D1,1,7
t_cd4_naive,IL2RA,dexamethasone,24,dexamethasone_24,0.317424188803923,3.94764806222274e-29,3.35243045995205e-27,13,CD4 Naive,#93A7D1,1,7
t_cd4_naive,IL6ST,dexamethasone,24,dexamethasone_24,0.563849846023482,2.36535681546015e-64,5.26510616811382e-62,13,CD4 Naive,#93A7D1,1,7
t_cd4_naive,IL7R,dexamethasone,24,dexamethasone_24,0.735088159839378,7.05547131777033e-109,3.59499781878124e-106,13,CD4 Naive,#93A7D1,1,7
t_cd4_naive,SLAMF1,dexamethasone,24,dexamethasone_24,-0.0272176792427448,0.0221912087620613,0.111952084863653,13,CD4 Naive,#93A7D1,1,7
t_cd4_treg,CD69,dexamethasone,24,dexamethasone_24,0.143228062494775,0.169776065747251,0.901501245799338,13,CD4 Treg,#E57A93,4,4
t_cd4_treg,CD74,dexamethasone,24,dexamethasone_24,-0.0211679738073823,0.539227877539444,0.991562798715504,13,CD4 Treg,#E57A93,4,4
t_cd4_treg,CXCR4,dexamethasone,24,dexamethasone_24,1.04528233068857,2.04024269944554e-28,8.37519628122393e-25,13,CD4 Treg,#E57A93,4,4
t_cd4_treg,IL2RA,dexamethasone,24,dexamethasone_24,0.292104262953216,0.0201933020713373,0.459243795029584,13,CD4 Treg,#E57A93,4,4
t_cd4_treg,IL6ST,dexamethasone,24,dexamethasone_24,0.278037660947181,0.00168162248604454,0.111339682342143,13,CD4 Treg,#E57A93,4,4
t_cd4_treg,IL7R,dexamethasone,24,dexamethasone_24,0.879642530137543,1.01334258221306e-24,2.77318086665641e-21,13,CD4 Treg,#E57A93,4,4
t_cd4_treg,SLAMF1,dexamethasone,24,dexamethasone_24,0.0340505069539275,0.036248204699244,0.594972134505006,13,CD4 Treg,#E57A93,4,4
t_cd4_treg,TNFRSF4,dexamethasone,24,dexamethasone_24,-0.125261513396971,0.107312270073621,0.833873183830317,13,CD4 Treg,#E57A93,4,4
t_cd8_memory,CD69,dexamethasone,24,dexamethasone_24,0.0669339689014788,0.106176257056793,0.671192649757957,13,CD8 Memory,#009444,6,2
t_cd8_memory,CD74,dexamethasone,24,dexamethasone_24,-0.1626884475881,0.000480856655790988,0.028432811898893,13,CD8 Memory,#009444,6,2
t_cd8_memory,CXCR4,dexamethasone,24,dexamethasone_24,0.873831028038798,3.26905937285396e-26,6.71709974637168e-23,13,CD8 Memory,#009444,6,2
t_cd8_memory,IL2RA,dexamethasone,24,dexamethasone_24,0.258343548672951,7.84745429963687e-07,0.000128996453777431,13,CD8 Memory,#009444,6,2
t_cd8_memory,IL6ST,dexamethasone,24,dexamethasone_24,0.130672840251372,0.0100613803749475,0.217617066583403,13,CD8 Memory,#009444,6,2
t_cd8_memory,IL7R,dexamethasone,24,dexamethasone_24,1.14906238637352,7.45729260947358e-35,2.04304959857544e-31,13,CD8 Memory,#009444,6,2
t_cd8_memory,SLAMF1,dexamethasone,24,dexamethasone_24,-0.131513419593319,0.0324202114149861,0.423639187016571,13,CD8 Memory,#009444,6,2
t_cd8_naive,CD69,dexamethasone,24,dexamethasone_24,0.312711184075534,5.29675560537241e-10,4.34016154304216e-08,13,CD8 Naive,#8DC63F,5,3
t_cd8_naive,CD74,dexamethasone,24,dexamethasone_24,-0.0803453304855911,0.0148290822760023,0.174082378466422,13,CD8 Naive,#8DC63F,5,3
t_cd8_naive,CXCR4,dexamethasone,24,dexamethasone_24,0.939745054972223,4.42274714724427e-90,3.62399901245196e-86,13,CD8 Naive,#8DC63F,5,3
t_cd8_naive,IL2RA,dexamethasone,24,dexamethasone_24,0.0869576236292808,2.13982204640616e-05,0.000842966435012119,13,CD8 Naive,#8DC63F,5,3
t_cd8_naive,IL6ST,dexamethasone,24,dexamethasone_24,0.208849273079781,9.64728610265737e-05,0.00320656982604083,13,CD8 Naive,#8DC63F,5,3
t_cd8_naive,IL7R,dexamethasone,24,dexamethasone_24,0.781875015465851,8.8857222984849e-50,1.14641071692121e-46,13,CD8 Naive,#8DC63F,5,3
t_cd4_cm,CD69,lenalidomide,4,lenalidomide_4,-0.0199768462256432,0.895734119525484,0.984510584837182,8.5,CD4 CM,#00AEEF,2,6
t_cd4_cm,CD74,lenalidomide,4,lenalidomide_4,-0.0178358052635722,0.0287561754767592,0.354285941056097,8.5,CD4 CM,#00AEEF,2,6
t_cd4_cm,CXCR4,lenalidomide,4,lenalidomide_4,-0.0981226126994954,0.0844222761544257,0.536257375788845,8.5,CD4 CM,#00AEEF,2,6
t_cd4_cm,IL2RA,lenalidomide,4,lenalidomide_4,0.0323359180050686,0.28595130973395,0.797817520799542,8.5,CD4 CM,#00AEEF,2,6
t_cd4_cm,IL6ST,lenalidomide,4,lenalidomide_4,-0.0296031593265584,0.710530070719497,0.95354274015092,8.5,CD4 CM,#00AEEF,2,6
t_cd4_cm,IL7R,lenalidomide,4,lenalidomide_4,-0.00633530951172545,0.816445894703727,0.972899633580289,8.5,CD4 CM,#00AEEF,2,6
t_cd4_cm,SLAMF1,lenalidomide,4,lenalidomide_4,0.211472663526761,4.40286511680848e-06,0.000551527650647712,8.5,CD4 CM,#00AEEF,2,6
t_cd4_cm,TNFRSF4,lenalidomide,4,lenalidomide_4,0.0390164014789051,0.103950084288734,0.57779621282663,8.5,CD4 CM,#00AEEF,2,6
t_cd4_em,CD69,lenalidomide,4,lenalidomide_4,0.128847091888044,0.448181772151974,0.987245249292263,8.5,CD4 EM,#1C75BC,3,5
t_cd4_em,CD74,lenalidomide,4,lenalidomide_4,-0.114876450295946,0.153455608466059,0.938043296574718,8.5,CD4 EM,#1C75BC,3,5
t_cd4_em,CXCR4,lenalidomide,4,lenalidomide_4,0.0384909071258168,0.0288190173644018,0.72434788755042,8.5,CD4 EM,#1C75BC,3,5
t_cd4_em,IL2RA,lenalidomide,4,lenalidomide_4,0.151633501025784,0.343728327134934,0.975507195210477,8.5,CD4 EM,#1C75BC,3,5
t_cd4_em,IL6ST,lenalidomide,4,lenalidomide_4,0.0905339469280607,0.493761495243213,0.98740199071508,8.5,CD4 EM,#1C75BC,3,5
t_cd4_em,IL7R,lenalidomide,4,lenalidomide_4,0.073534260132005,0.709362469457971,0.995210215882978,8.5,CD4 EM,#1C75BC,3,5
t_cd4_em,SLAMF1,lenalidomide,4,lenalidomide_4,0.302235188393818,0.00324007531846725,0.325694999448572,8.5,CD4 EM,#1C75BC,3,5
t_cd4_em,TNFRSF4,lenalidomide,4,lenalidomide_4,0.183011137810341,0.208361046232732,0.951362414090084,8.5,CD4 EM,#1C75BC,3,5
t_cd4_naive,CD69,lenalidomide,4,lenalidomide_4,0.0122269948219116,0.451618682609344,0.828197065821708,8.5,CD4 Naive,#93A7D1,1,7
t_cd4_naive,CD74,lenalidomide,4,lenalidomide_4,0.032645637685962,0.498464819094299,0.848139084417367,8.5,CD4 Naive,#93A7D1,1,7
t_cd4_naive,CXCR4,lenalidomide,4,lenalidomide_4,0.0288278161376794,0.448098530823598,0.827525254072174,8.5,CD4 Naive,#93A7D1,1,7
t_cd4_naive,IL2RA,lenalidomide,4,lenalidomide_4,0.116595268722385,0.00672742074884404,0.116447297278552,8.5,CD4 Naive,#93A7D1,1,7
t_cd4_naive,IL6ST,lenalidomide,4,lenalidomide_4,0.0766280005375841,0.0869314216709865,0.45990371780056,8.5,CD4 Naive,#93A7D1,1,7
t_cd4_naive,IL7R,lenalidomide,4,lenalidomide_4,0.0119351990979787,0.927806719668466,0.981929214892952,8.5,CD4 Naive,#93A7D1,1,7
t_cd4_naive,SLAMF1,lenalidomide,4,lenalidomide_4,0.0905372111316851,3.74746650862802e-07,3.60656176790361e-05,8.5,CD4 Naive,#93A7D1,1,7
t_cd4_treg,CD69,lenalidomide,4,lenalidomide_4,0.0932457708044078,0.532749165731766,1,8.5,CD4 Treg,#E57A93,4,4
t_cd4_treg,CD74,lenalidomide,4,lenalidomide_4,0.0218137143399234,0.726015281688663,1,8.5,CD4 Treg,#E57A93,4,4
t_cd4_treg,CXCR4,lenalidomide,4,lenalidomide_4,-0.0429003555571152,0.880424635503872,1,8.5,CD4 Treg,#E57A93,4,4
t_cd4_treg,IL2RA,lenalidomide,4,lenalidomide_4,0.114893410247447,0.60348413203793,1,8.5,CD4 Treg,#E57A93,4,4
t_cd4_treg,IL6ST,lenalidomide,4,lenalidomide_4,0.048625289295988,0.334097140706085,1,8.5,CD4 Treg,#E57A93,4,4
t_cd4_treg,IL7R,lenalidomide,4,lenalidomide_4,0.0707863706907175,0.522443231569929,1,8.5,CD4 Treg,#E57A93,4,4
t_cd4_treg,SLAMF1,lenalidomide,4,lenalidomide_4,-0.00786005932269018,0.917550463515588,1,8.5,CD4 Treg,#E57A93,4,4
t_cd4_treg,TNFRSF4,lenalidomide,4,lenalidomide_4,0.0665917231729239,0.630763977845462,1,8.5,CD4 Treg,#E57A93,4,4
t_cd8_memory,CD69,lenalidomide,4,lenalidomide_4,0.0823786379819847,0.638718444288763,0.998581919488079,8.5,CD8 Memory,#009444,6,2
t_cd8_memory,CD74,lenalidomide,4,lenalidomide_4,0.0587733684000262,0.305051011425199,0.998581919488079,8.5,CD8 Memory,#009444,6,2
t_cd8_memory,CXCR4,lenalidomide,4,lenalidomide_4,0.220490938592632,0.00386527521519568,0.659572836768744,8.5,CD8 Memory,#009444,6,2
t_cd8_memory,IL2RA,lenalidomide,4,lenalidomide_4,0.275768504717343,0.0152668545776903,0.797405949099712,8.5,CD8 Memory,#009444,6,2
t_cd8_memory,IL6ST,lenalidomide,4,lenalidomide_4,0.0161941248878797,0.951205681760052,0.998581919488079,8.5,CD8 Memory,#009444,6,2
t_cd8_memory,IL7R,lenalidomide,4,lenalidomide_4,0.114061965467063,0.325810771720893,0.998581919488079,8.5,CD8 Memory,#009444,6,2
t_cd8_memory,SLAMF1,lenalidomide,4,lenalidomide_4,0.117468264283159,0.267670025617711,0.998581919488079,8.5,CD8 Memory,#009444,6,2
t_cd8_naive,CD69,lenalidomide,4,lenalidomide_4,-0.0148217753304686,0.124005315437072,0.697583816274998,8.5,CD8 Naive,#8DC63F,5,3
t_cd8_naive,CD74,lenalidomide,4,lenalidomide_4,0.00596219401261133,0.301088980629557,0.856810068095005,8.5,CD8 Naive,#8DC63F,5,3
t_cd8_naive,CXCR4,lenalidomide,4,lenalidomide_4,-0.0605946115411788,0.0300194689273143,0.43186973504859,8.5,CD8 Naive,#8DC63F,5,3
t_cd8_naive,IL2RA,lenalidomide,4,lenalidomide_4,0.111350815052558,0.000560115647300693,0.0348750406635303,8.5,CD8 Naive,#8DC63F,5,3
t_cd8_naive,IL6ST,lenalidomide,4,lenalidomide_4,0.0626508698503077,0.392023223247389,0.890616720546868,8.5,CD8 Naive,#8DC63F,5,3
t_cd8_naive,IL7R,lenalidomide,4,lenalidomide_4,-0.0040360857677097,0.44747938614116,0.910042347096067,8.5,CD8 Naive,#8DC63F,5,3
t_cd8_naive,SLAMF1,lenalidomide,4,lenalidomide_4,0.143608982928987,3.79090928523553e-10,2.95046469669882e-07,8.5,CD8 Naive,#8DC63F,5,3
t_cd4_cm,CD69,lenalidomide,24,lenalidomide_24,0.00880234605569041,0.243187161617542,0.646220906539068,9.5,CD4 CM,#00AEEF,2,6
t_cd4_cm,CD74,lenalidomide,24,lenalidomide_24,0.0691740330309485,0.00328395005335102,0.069272603979,9.5,CD4 CM,#00AEEF,2,6
t_cd4_cm,CXCR4,lenalidomide,24,lenalidomide_24,-0.132956066356292,0.020012780660374,0.204915718511785,9.5,CD4 CM,#00AEEF,2,6
t_cd4_cm,IL2RA,lenalidomide,24,lenalidomide_24,-0.164566791785832,0.00110007251186207,0.0315936365653361,9.5,CD4 CM,#00AEEF,2,6
t_cd4_cm,IL6ST,lenalidomide,24,lenalidomide_24,0.130010871232473,0.0234869361907411,0.224845095222399,9.5,CD4 CM,#00AEEF,2,6
t_cd4_cm,IL7R,lenalidomide,24,lenalidomide_24,-0.326352955359255,1.73741091681883e-08,2.88506780720492e-06,9.5,CD4 CM,#00AEEF,2,6
t_cd4_cm,SLAMF1,lenalidomide,24,lenalidomide_24,0.180240041417249,3.05429764504448e-06,0.000276218981707693,9.5,CD4 CM,#00AEEF,2,6
t_cd4_cm,TNFRSF4,lenalidomide,24,lenalidomide_24,0.107285762668852,0.0112526666837238,0.147126922113379,9.5,CD4 CM,#00AEEF,2,6
t_cd4_em,CD69,lenalidomide,24,lenalidomide_24,0.161532542402817,0.178198462562569,0.876834394121805,9.5,CD4 EM,#1C75BC,3,5
t_cd4_em,CD74,lenalidomide,24,lenalidomide_24,0.0220661050370037,0.547940258197547,0.97818659295402,9.5,CD4 EM,#1C75BC,3,5
t_cd4_em,CXCR4,lenalidomide,24,lenalidomide_24,-0.173912515860201,0.0337969587775323,0.617382270886096,9.5,CD4 EM,#1C75BC,3,5
t_cd4_em,IL2RA,lenalidomide,24,lenalidomide_24,-0.11150777906011,0.0708061097321717,0.734810432227197,9.5,CD4 EM,#1C75BC,3,5
t_cd4_em,IL6ST,lenalidomide,24,lenalidomide_24,0.128576739690688,0.247393766371195,0.924138789840998,9.5,CD4 EM,#1C75BC,3,5
t_cd4_em,IL7R,lenalidomide,24,lenalidomide_24,-0.375908946456678,0.00141441927097913,0.169790930486251,9.5,CD4 EM,#1C75BC,3,5
t_cd4_em,SLAMF1,lenalidomide,24,lenalidomide_24,-0.0324080289743071,0.892426214299104,0.992082409960069,9.5,CD4 EM,#1C75BC,3,5
t_cd4_em,TNFRSF4,lenalidomide,24,lenalidomide_24,0.206985189974263,0.0188030899892051,0.518385373610485,9.5,CD4 EM,#1C75BC,3,5
t_cd4_naive,CD69,lenalidomide,24,lenalidomide_24,0.0430305255968512,0.00465845659675386,0.0371764046551254,9.5,CD4 Naive,#93A7D1,1,7
t_cd4_naive,CD74,lenalidomide,24,lenalidomide_24,0.101283427302106,8.88434860117242e-06,0.000185609586364172,9.5,CD4 Naive,#93A7D1,1,7
t_cd4_naive,CXCR4,lenalidomide,24,lenalidomide_24,-0.303947220881193,3.72236202507904e-18,6.86066772288973e-16,9.5,CD4 Naive,#93A7D1,1,7
t_cd4_naive,IL2RA,lenalidomide,24,lenalidomide_24,-0.196647739078847,1.13276734428268e-19,2.82862968132006e-17,9.5,CD4 Naive,#93A7D1,1,7
t_cd4_naive,IL6ST,lenalidomide,24,lenalidomide_24,0.416742500304711,9.63620045788786e-28,3.92599093392157e-25,9.5,CD4 Naive,#93A7D1,1,7
t_cd4_naive,IL7R,lenalidomide,24,lenalidomide_24,-0.174641581858444,8.87102698646061e-09,3.83634748056936e-07,9.5,CD4 Naive,#93A7D1,1,7
t_cd4_naive,SLAMF1,lenalidomide,24,lenalidomide_24,0.15535958577197,2.88118392890592e-14,3.05523901283024e-12,9.5,CD4 Naive,#93A7D1,1,7
t_cd4_treg,CD69,lenalidomide,24,lenalidomide_24,0.103290627437674,0.308388151367917,0.999975037432377,9.5,CD4 Treg,#E57A93,4,4
t_cd4_treg,CD74,lenalidomide,24,lenalidomide_24,-0.034505471177225,0.928944180423181,0.999975037432377,9.5,CD4 Treg,#E57A93,4,4
t_cd4_treg,CXCR4,lenalidomide,24,lenalidomide_24,0.0547438275949979,0.887702573031064,0.999975037432377,9.5,CD4 Treg,#E57A93,4,4
t_cd4_treg,IL2RA,lenalidomide,24,lenalidomide_24,0.0693508265828002,0.406476769153782,0.999975037432377,9.5,CD4 Treg,#E57A93,4,4
t_cd4_treg,IL6ST,lenalidomide,24,lenalidomide_24,0.0904541338698236,0.578256975030803,0.999975037432377,9.5,CD4 Treg,#E57A93,4,4
t_cd4_treg,IL7R,lenalidomide,24,lenalidomide_24,-0.075729247546962,0.0783225657130012,0.999975037432377,9.5,CD4 Treg,#E57A93,4,4
t_cd4_treg,SLAMF1,lenalidomide,24,lenalidomide_24,-0.00318137277342961,0.855365303148694,0.999975037432377,9.5,CD4 Treg,#E57A93,4,4
t_cd4_treg,TNFRSF4,lenalidomide,24,lenalidomide_24,0.0285073857575242,0.350941677891361,0.999975037432377,9.5,CD4 Treg,#E57A93,4,4
t_cd8_memory,CD69,lenalidomide,24,lenalidomide_24,-0.0671269391278242,0.517003457312282,0.998426484199762,9.5,CD8 Memory,#009444,6,2
t_cd8_memory,CD74,lenalidomide,24,lenalidomide_24,0.35933479287418,0.000112116508752612,0.066358746402699,9.5,CD8 Memory,#009444,6,2
t_cd8_memory,CXCR4,lenalidomide,24,lenalidomide_24,-0.111777223694586,0.425120911567043,0.998426484199762,9.5,CD8 Memory,#009444,6,2
t_cd8_memory,IL2RA,lenalidomide,24,lenalidomide_24,-0.0239868304131825,0.845733934882029,0.998426484199762,9.5,CD8 Memory,#009444,6,2
t_cd8_memory,IL6ST,lenalidomide,24,lenalidomide_24,0.075998318350154,0.58339192556925,0.998426484199762,9.5,CD8 Memory,#009444,6,2
t_cd8_memory,IL7R,lenalidomide,24,lenalidomide_24,-0.072380618268535,0.314425137913151,0.998426484199762,9.5,CD8 Memory,#009444,6,2
t_cd8_memory,SLAMF1,lenalidomide,24,lenalidomide_24,0.131706890936679,0.266708172300512,0.998426484199762,9.5,CD8 Memory,#009444,6,2
t_cd8_naive,CD69,lenalidomide,24,lenalidomide_24,0.13102616985273,0.032466996463774,0.313031563353162,9.5,CD8 Naive,#8DC63F,5,3
t_cd8_naive,CD74,lenalidomide,24,lenalidomide_24,0.123286233290694,0.000367818796557464,0.015676625734303,9.5,CD8 Naive,#8DC63F,5,3
t_cd8_naive,CXCR4,lenalidomide,24,lenalidomide_24,-0.272931414783332,2.13497555179163e-05,0.0015985389018865,9.5,CD8 Naive,#8DC63F,5,3
t_cd8_naive,IL6ST,lenalidomide,24,lenalidomide_24,0.168035228975902,0.00895188877935252,0.143905508017793,9.5,CD8 Naive,#8DC63F,5,3
t_cd8_naive,IL7R,lenalidomide,24,lenalidomide_24,-0.251062056561559,1.49604279884589e-07,2.22028780378717e-05,9.5,CD8 Naive,#8DC63F,5,3
t_cd8_naive,SLAMF1,lenalidomide,24,lenalidomide_24,0.111227328389179,4.60141766530591e-05,0.00298768611065292,9.5,CD8 Naive,#8DC63F,5,3
t_cd4_cm,CD69,lenalidomide,72,lenalidomide_72,0.0102898081232361,0.0357012030741223,0.498597777566888,10.5,CD4 CM,#00AEEF,2,6
t_cd4_cm,CD74,lenalidomide,72,lenalidomide_72,0.236049762034625,8.76629653463289e-07,0.000501958139573079,10.5,CD4 CM,#00AEEF,2,6
t_cd4_cm,CXCR4,lenalidomide,72,lenalidomide_72,-0.197341845577705,9.69002908547065e-05,0.0210116262761353,10.5,CD4 CM,#00AEEF,2,6
t_cd4_cm,IL2RA,lenalidomide,72,lenalidomide_72,-0.00993355494652248,0.931994923467967,0.992193667065316,10.5,CD4 CM,#00AEEF,2,6
t_cd4_cm,IL6ST,lenalidomide,72,lenalidomide_72,0.13318972750519,0.0198185964622884,0.413659789602569,10.5,CD4 CM,#00AEEF,2,6
t_cd4_cm,IL7R,lenalidomide,72,lenalidomide_72,-0.132633585787081,0.034208612140005,0.490067752369756,10.5,CD4 CM,#00AEEF,2,6
t_cd4_cm,SLAMF1,lenalidomide,72,lenalidomide_72,0.134281065719101,0.00151145837611157,0.116650688056159,10.5,CD4 CM,#00AEEF,2,6
t_cd4_cm,TNFRSF4,lenalidomide,72,lenalidomide_72,0.21284093495731,6.13549963745191e-08,7.52825805515349e-05,10.5,CD4 CM,#00AEEF,2,6
t_cd4_em,CD69,lenalidomide,72,lenalidomide_72,0.106278072174862,0.531621011844022,0.976435541038919,10.5,CD4 EM,#1C75BC,3,5
t_cd4_em,CD74,lenalidomide,72,lenalidomide_72,0.26193049399098,0.00028209090337876,0.163405857297203,10.5,CD4 EM,#1C75BC,3,5
t_cd4_em,CXCR4,lenalidomide,72,lenalidomide_72,0.0387295680056224,0.90856033315702,0.994339179983492,10.5,CD4 EM,#1C75BC,3,5
t_cd4_em,IL2RA,lenalidomide,72,lenalidomide_72,-0.11400096824311,0.214732379260059,0.936029938627724,10.5,CD4 EM,#1C75BC,3,5
t_cd4_em,IL6ST,lenalidomide,72,lenalidomide_72,0.205083870958243,0.0376921706501713,0.792868266031349,10.5,CD4 EM,#1C75BC,3,5
t_cd4_em,IL7R,lenalidomide,72,lenalidomide_72,0.155154190331845,0.137433475127743,0.936029938627724,10.5,CD4 EM,#1C75BC,3,5
t_cd4_em,SLAMF1,lenalidomide,72,lenalidomide_72,0.0808948985910326,0.126293912962816,0.936029938627724,10.5,CD4 EM,#1C75BC,3,5
t_cd4_em,TNFRSF4,lenalidomide,72,lenalidomide_72,0.340205502080064,0.000129383123486971,0.124912217775366,10.5,CD4 EM,#1C75BC,3,5
t_cd4_naive,CD69,lenalidomide,72,lenalidomide_72,0.0532686937187272,0.249692850031932,0.630953012666735,10.5,CD4 Naive,#93A7D1,1,7
t_cd4_naive,CD74,lenalidomide,72,lenalidomide_72,0.025132519476776,0.237878940226654,0.619130512444632,10.5,CD4 Naive,#93A7D1,1,7
t_cd4_naive,CXCR4,lenalidomide,72,lenalidomide_72,-0.455161327100418,3.52632615983869e-40,1.36398295862561e-36,10.5,CD4 Naive,#93A7D1,1,7
t_cd4_naive,IL2RA,lenalidomide,72,lenalidomide_72,-0.107898143466639,7.47717733309552e-09,6.9690896203406e-07,10.5,CD4 Naive,#93A7D1,1,7
t_cd4_naive,IL6ST,lenalidomide,72,lenalidomide_72,0.226131048456698,3.3587007356681e-10,4.47981187778076e-08,10.5,CD4 Naive,#93A7D1,1,7
t_cd4_naive,IL7R,lenalidomide,72,lenalidomide_72,-0.213938767028448,1.24760720871154e-13,3.3280997815836e-11,10.5,CD4 Naive,#93A7D1,1,7
t_cd4_naive,SLAMF1,lenalidomide,72,lenalidomide_72,0.115825060839708,1.86350644013769e-06,0.000102241743410675,10.5,CD4 Naive,#93A7D1,1,7
t_cd4_treg,CD69,lenalidomide,72,lenalidomide_72,0.0731426503019375,0.159261420584799,1,10.5,CD4 Treg,#E57A93,4,4
t_cd4_treg,CD74,lenalidomide,72,lenalidomide_72,-0.0972761551781569,0.322894854699367,1,10.5,CD4 Treg,#E57A93,4,4
t_cd4_treg,CXCR4,lenalidomide,72,lenalidomide_72,-0.158129505731617,0.401697487692257,1,10.5,CD4 Treg,#E57A93,4,4
t_cd4_treg,IL2RA,lenalidomide,72,lenalidomide_72,-0.139061165976321,0.591860506898758,1,10.5,CD4 Treg,#E57A93,4,4
t_cd4_treg,IL6ST,lenalidomide,72,lenalidomide_72,0.109698777677172,0.425068202331914,1,10.5,CD4 Treg,#E57A93,4,4
t_cd4_treg,IL7R,lenalidomide,72,lenalidomide_72,-0.143477742440488,0.174764652674473,1,10.5,CD4 Treg,#E57A93,4,4
t_cd4_treg,SLAMF1,lenalidomide,72,lenalidomide_72,-0.091422845477321,0.50095338901947,1,10.5,CD4 Treg,#E57A93,4,4
t_cd4_treg,TNFRSF4,lenalidomide,72,lenalidomide_72,-0.00926444466699144,0.671399346581595,1,10.5,CD4 Treg,#E57A93,4,4
t_cd8_memory,CD69,lenalidomide,72,lenalidomide_72,-0.0869714254389069,0.552288205783458,0.999485262578752,10.5,CD8 Memory,#009444,6,2
t_cd8_memory,CD74,lenalidomide,72,lenalidomide_72,0.377252945597507,0.00792178937969517,0.941660316303343,10.5,CD8 Memory,#009444,6,2
t_cd8_memory,CXCR4,lenalidomide,72,lenalidomide_72,-0.0354592683964298,0.469550096913811,0.999485262578752,10.5,CD8 Memory,#009444,6,2
t_cd8_memory,IL2RA,lenalidomide,72,lenalidomide_72,0.0260311143452465,0.318996592086692,0.999485262578752,10.5,CD8 Memory,#009444,6,2
t_cd8_memory,IL6ST,lenalidomide,72,lenalidomide_72,0.0679744764612132,0.540690396770642,0.999485262578752,10.5,CD8 Memory,#009444,6,2
t_cd8_memory,IL7R,lenalidomide,72,lenalidomide_72,-0.180637540415606,0.0775962816857637,0.999485262578752,10.5,CD8 Memory,#009444,6,2
t_cd8_memory,SLAMF1,lenalidomide,72,lenalidomide_72,0.147741253389694,0.184365912874662,0.999485262578752,10.5,CD8 Memory,#009444,6,2
t_cd8_naive,CD69,lenalidomide,72,lenalidomide_72,0.102476196384527,0.156141545105677,0.793653497966486,10.5,CD8 Naive,#8DC63F,5,3
t_cd8_naive,CD74,lenalidomide,72,lenalidomide_72,0.07485170096131,0.407905832096609,0.903651983822866,10.5,CD8 Naive,#8DC63F,5,3
t_cd8_naive,CXCR4,lenalidomide,72,lenalidomide_72,-0.378830951932738,7.2619500226145e-11,1.54643225731576e-07,10.5,CD8 Naive,#8DC63F,5,3
t_cd8_naive,IL6ST,lenalidomide,72,lenalidomide_72,0.203231826790404,0.000924377446177196,0.0779588820449243,10.5,CD8 Naive,#8DC63F,5,3
t_cd8_naive,IL7R,lenalidomide,72,lenalidomide_72,-0.213359787796879,1.34576973818341e-05,0.00382108887661542,10.5,CD8 Naive,#8DC63F,5,3
t_cd8_naive,SLAMF1,lenalidomide,72,lenalidomide_72,0.0535279863052144,0.0598382918763691,0.630040259830547,10.5,CD8 Naive,#8DC63F,5,3
